,City,Country,Lat,Lng,Max Temp,Humidity,Cloudiness,Wind Speed,Description
0,Nanortalik,GL,60.1432,-45.2371,20.03,64,99,6.2,overcast clouds
1,Bluff,NZ,-46.6,168.3333,55.98,78,100,7.87,overcast clouds
2,Punta Arenas,CL,-53.15,-70.9167,68.11,32,0,21.85,clear sky
3,Lebu,CL,-37.6167,-73.65,64.51,65,4,9.28,clear sky
4,Nemuro,JP,43.3236,145.575,23.29,61,96,9.24,overcast clouds
5,Hilo,US,19.7297,-155.09,71.26,93,100,8.05,overcast clouds
6,Ambon,ID,-3.6954,128.1814,78.24,15,40,2.3,scattered clouds
7,Rikitea,PF,-23.1203,-134.9692,77.56,73,98,8.86,overcast clouds
8,Olinda,BR,-8.0089,-34.8553,83.93,61,75,11.5,broken clouds
9,Cape Town,ZA,-33.9258,18.4232,75.9,67,0,10.36,clear sky
10,Isangel,VU,-19.55,169.2667,76.46,81,100,4.59,overcast clouds
11,Mamallapuram,IN,12.6264,80.1722,77.05,69,1,8.59,clear sky
12,Birjand,IR,32.8663,59.2211,45.07,53,100,9.22,overcast clouds
13,Bredasdorp,ZA,-34.5322,20.0403,72.1,84,90,16.64,overcast clouds
14,Mataura,NZ,-46.1927,168.8643,48.43,95,47,1.66,scattered clouds
15,Victoria,HK,22.2855,114.1577,58.24,71,100,10.0,overcast clouds
16,Straumen,NO,63.8709,11.2999,37.4,76,100,7.16,overcast clouds
17,Banda Aceh,ID,5.5577,95.3222,74.59,82,85,10.87,overcast clouds
18,Port Alfred,ZA,-33.5906,26.891,75.18,96,61,3.0,broken clouds
19,Cabo San Lucas,MX,22.8909,-109.9124,74.61,63,20,10.36,few clouds
20,Nikolskoye,RU,59.7035,30.7861,31.91,91,100,10.22,overcast clouds
21,Dikson,RU,73.5069,80.5464,-31.07,92,60,5.01,broken clouds
22,Deputatskiy,RU,69.3,139.9,-31.7,100,100,0.63,overcast clouds
23,Yerbogachen,RU,61.2767,108.0108,-51.7,99,77,4.38,broken clouds
24,Sorland,NO,67.667,12.6934,37.26,72,75,18.45,broken clouds
25,Carnarvon,AU,-24.8667,113.6333,74.48,75,0,24.34,clear sky
26,Hermanus,ZA,-34.4187,19.2345,78.8,73,12,17.2,few clouds
27,Ushuaia,AR,-54.8,-68.3,56.82,50,0,6.91,clear sky
28,Salalah,OM,17.0151,54.0924,77.09,61,0,1.14,clear sky
29,Kalmunai,LK,7.4167,81.8167,76.03,78,100,9.22,overcast clouds
30,Tottori,JP,35.5,134.2333,42.03,80,35,5.79,scattered clouds
31,Brae,GB,60.3964,-1.353,40.71,69,95,23.35,light rain
32,Longyearbyen,SJ,78.2186,15.6401,17.44,62,0,18.41,clear sky
33,Verkhoyansk,RU,67.5447,133.385,-36.4,95,100,1.7,overcast clouds
34,Durango,MX,24.8333,-104.8333,64.2,20,86,6.71,overcast clouds
35,Busselton,AU,-33.65,115.3333,57.38,60,13,17.74,few clouds
36,Imphal,IN,24.8167,93.95,44.96,69,0,2.91,clear sky
37,Lavrentiya,RU,65.5833,-171.0,-23.1,90,7,11.72,clear sky
38,Kumluca,TR,36.3703,30.2869,57.31,79,53,5.59,broken clouds
39,Coquimbo,CL,-29.9533,-71.3436,71.33,56,75,12.66,broken clouds
40,Nizwa,OM,22.9333,57.5333,70.12,46,35,3.22,scattered clouds
41,Torbay,CA,47.6666,-52.7314,50.77,97,100,13.8,fog
42,Albany,US,42.6001,-73.9662,35.55,58,81,1.83,broken clouds
43,Atar,MR,20.5169,-13.0499,83.12,10,94,12.19,overcast clouds
44,Mumford,GH,5.2618,-0.759,82.98,73,30,12.64,scattered clouds
45,Georgetown,MY,5.4112,100.3354,80.53,78,20,2.3,few clouds
46,Ponta Do Sol,PT,32.6667,-17.1,66.7,65,22,6.8,few clouds
47,Narsaq,GL,60.9167,-46.05,7.02,66,100,9.26,overcast clouds
48,Iqaluit,CA,63.7506,-68.5145,-13.27,62,100,2.3,overcast clouds
49,Qaanaaq,GL,77.484,-69.3632,-16.98,77,84,6.8,broken clouds
50,Codrington,AU,-38.2667,141.9667,62.47,92,100,11.27,overcast clouds
51,Whitehorse,CA,60.7161,-135.0538,20.17,79,75,4.61,broken clouds
52,Kahului,US,20.8947,-156.47,71.83,88,0,3.44,clear sky
53,Avarua,CK,-21.2078,-159.775,73.45,94,40,5.75,scattered clouds
54,Belyy,RU,55.8402,32.9419,33.51,97,100,12.55,overcast clouds
55,Vestmannaeyjar,IS,63.4427,-20.2734,27.59,68,0,21.85,clear sky
56,Fortuna,US,40.5982,-124.1573,40.98,98,100,6.91,overcast clouds
57,Baherden,TM,38.4362,57.4316,31.35,70,94,6.93,overcast clouds
58,Udhampur,IN,32.9333,75.1333,43.36,47,0,7.49,clear sky
59,Isla Vista,US,34.4133,-119.861,55.99,70,0,5.75,clear sky
60,Meulaboh,ID,4.1363,96.1285,75.13,88,100,5.3,overcast clouds
61,Hobart,AU,-42.8794,147.3294,67.86,91,100,5.75,overcast clouds
62,Atuona,PF,-9.8,-139.0333,78.33,76,20,19.55,light rain
63,Broken Hill,AU,-31.95,141.4333,78.48,47,73,18.68,broken clouds
64,Butaritari,KI,3.0707,172.7902,80.87,81,39,19.26,light rain
65,Frumoasa,RO,46.45,25.85,35.1,96,83,2.93,broken clouds
66,Mar Del Plata,AR,-38.0023,-57.5575,78.82,92,75,13.8,broken clouds
67,New Norfolk,AU,-42.7826,147.0587,67.5,66,100,1.7,overcast clouds
68,Mikuni,JP,36.2171,136.1519,33.71,63,57,7.25,broken clouds
69,Kronach,DE,50.2396,11.3331,34.56,77,55,4.32,broken clouds
70,Bellavista,PE,-7.0561,-76.5911,87.28,66,20,5.75,few clouds
71,Aksu,CN,41.1231,80.2644,0.46,91,5,5.53,clear sky
72,Lahat,ID,-3.8,103.5333,72.86,99,100,2.51,overcast clouds
73,Katherine,AU,-14.4667,132.2667,79.12,89,100,4.61,heavy intensity rain
74,Portland,US,45.5234,-122.6762,46.09,92,100,8.99,overcast clouds
75,Saskylakh,RU,71.9167,114.0833,-31.88,100,65,6.33,broken clouds
76,Baracoa,CU,20.3467,-74.4958,78.06,53,4,8.34,clear sky
77,Vaini,TO,-21.2,-175.2,78.96,94,75,5.75,light rain
78,Meadow Lake,US,34.8014,-106.5436,43.84,78,93,14.16,light rain
79,Keflavik,IS,64.0049,-22.5624,24.71,80,20,10.36,few clouds
80,Geraldton,AU,-28.7667,114.6,64.81,68,0,11.5,clear sky
81,Lompoc,US,34.6391,-120.4579,51.53,89,40,6.91,scattered clouds
82,Hasaki,JP,35.7333,140.8333,39.6,87,100,2.46,overcast clouds
83,Axim,GH,4.8699,-2.2405,84.29,66,43,9.19,scattered clouds
84,Polson,US,47.6936,-114.1632,34.77,71,100,3.0,light snow
85,Cherskiy,RU,68.75,161.3,-49.18,99,59,5.17,broken clouds
86,Hithadhoo,MV,-0.6,73.0833,80.83,64,45,6.33,scattered clouds
87,Severo-Kurilsk,RU,50.6789,156.125,16.25,79,97,22.08,light snow
88,Yar-Sale,RU,66.8333,70.8333,2.35,97,100,12.21,overcast clouds
89,Sao Filipe,CV,14.8961,-24.4956,77.95,60,99,8.12,overcast clouds
90,Jamestown,US,42.097,-79.2353,44.19,60,100,5.75,fog
91,Coari,BR,-4.085,-63.1414,73.13,97,100,2.26,overcast clouds
92,Taltal,CL,-25.4,-70.4833,72.41,63,6,8.75,clear sky
93,Banjar,ID,-8.19,114.9675,77.29,91,100,4.83,overcast clouds
94,Hamilton,US,39.1834,-84.5333,60.21,67,75,17.27,broken clouds
95,Saint-Philippe,RE,-21.3585,55.7679,80.19,78,76,12.97,broken clouds
96,Chicama,PE,-7.8447,-79.1469,72.14,49,98,9.33,overcast clouds
97,Khash,IR,28.2211,61.2158,48.47,33,99,6.29,overcast clouds
98,Pevek,RU,69.7008,170.3133,-37.08,100,68,4.09,broken clouds
99,Lesnoye,RU,58.2841,35.5158,32.4,97,100,10.36,light snow
100,Sambava,MG,-14.2667,50.1667,77.49,84,99,13.33,overcast clouds
101,Dargaville,NZ,-35.9333,173.8833,57.06,94,7,1.7,clear sky
102,Airai,TL,-8.9266,125.4092,61.41,91,95,1.12,overcast clouds
103,Evensk,RU,61.95,159.2333,-2.94,79,100,10.58,overcast clouds
104,Te Anau,NZ,-45.4167,167.7167,53.94,89,89,2.15,overcast clouds
105,Sur,OM,22.5667,59.5289,69.89,59,19,9.69,few clouds
106,Port Lincoln,AU,-34.7333,135.8667,63.48,83,100,15.75,overcast clouds
107,Dingle,PH,10.9995,122.6711,74.89,95,100,6.29,overcast clouds
108,Verkhnevilyuysk,RU,63.4453,120.3167,-64.98,100,83,1.88,broken clouds
109,Talnakh,RU,69.4865,88.3972,-33.05,85,6,5.64,clear sky
110,East London,ZA,-33.0153,27.9116,77.94,94,75,10.36,broken clouds
111,Tricase,IT,39.9304,18.3553,58.93,88,100,29.33,overcast clouds
112,Rio Pardo De Minas,BR,-15.6097,-42.5397,82.72,49,33,5.53,scattered clouds
113,Nola,IT,40.922,14.5329,59.41,92,100,20.09,overcast clouds
114,Yeniseysk,RU,58.4497,92.1703,-26.16,100,92,3.4,overcast clouds
115,Ilulissat,GL,69.2167,-51.1,-9.38,49,20,5.75,few clouds
116,Launceston,AU,-41.45,147.1667,66.34,90,100,0.0,light rain
117,Jardim,BR,-21.4803,-56.1381,91.74,46,61,6.13,broken clouds
118,Maragogi,BR,-9.0122,-35.2225,83.17,65,88,10.78,overcast clouds
119,Madimba,TZ,-10.4,40.3333,81.72,78,20,11.5,few clouds
120,Binghamton,US,42.0987,-75.918,36.66,85,100,5.75,snow
121,Zhigansk,RU,66.7697,123.3711,-49.88,93,98,3.47,overcast clouds
122,Mehamn,NO,71.0357,27.8492,35.55,80,0,16.11,clear sky
123,Saint George,US,37.1041,-113.5841,43.43,80,100,3.44,overcast clouds
124,Binzhou,CN,37.3667,118.0167,25.54,46,89,1.39,overcast clouds
125,Srednekolymsk,RU,67.45,153.6833,-47.67,99,79,5.35,broken clouds
126,Muskegon,US,43.3,-86.1334,39.94,90,100,9.22,drizzle
127,Mednogorsk,RU,51.4128,57.595,-1.86,82,0,5.19,clear sky
128,Basoko,CD,1.2391,23.616,83.08,46,49,1.9,scattered clouds
129,Chokurdakh,RU,70.6333,147.9167,-31.31,99,51,7.02,broken clouds
130,Arraial Do Cabo,BR,-22.9661,-42.0278,87.76,65,0,18.41,clear sky
131,Kroya,ID,-7.6331,109.2461,77.47,87,100,4.09,overcast clouds
132,Kimbe,PG,-5.5502,150.1429,76.46,92,100,2.66,light rain
133,Padang,ID,-0.9492,100.3543,75.25,87,97,2.89,overcast clouds
134,Sinnamary,GF,5.3833,-52.95,79.02,76,69,10.45,broken clouds
135,Hambantota,LK,6.1241,81.1185,76.57,75,99,15.61,overcast clouds
136,Saldanha,ZA,-33.0117,17.9442,77.05,85,88,3.83,overcast clouds
137,Touros,BR,-5.1989,-35.4608,84.96,62,50,14.38,scattered clouds
138,Khatanga,RU,71.9667,102.5,-34.53,100,42,5.68,scattered clouds
139,Veseloyarsk,RU,51.2836,81.1056,9.14,96,100,7.94,overcast clouds
140,Egvekinot,RU,66.3167,-179.1667,-24.0,87,10,13.35,clear sky
141,Sola,VU,-13.8833,167.55,81.41,76,94,14.45,overcast clouds
142,Aklavik,CA,68.2191,-135.0107,-23.84,100,98,4.72,overcast clouds
143,Tomatlan,MX,19.9333,-105.25,78.37,32,22,2.19,few clouds
144,Ginir,ET,7.1333,40.7,61.83,23,41,3.51,scattered clouds
145,Sibolga,ID,1.7427,98.7792,74.57,88,88,3.27,overcast clouds
146,Ziniare,BF,12.5822,-1.2983,87.84,10,14,9.91,few clouds
147,Huilong,CN,31.8111,121.655,34.93,54,13,7.78,few clouds
148,Dunedin,NZ,-45.8742,170.5036,56.8,81,75,4.0,broken clouds
149,Kropotkin,RU,45.4375,40.5756,36.09,77,98,9.01,overcast clouds
150,Nalut,LY,30.3333,10.85,57.16,21,0,10.38,clear sky
151,Barrow,US,71.2906,-156.7887,-9.38,77,100,19.57,haze
152,Jacksonville,US,30.3322,-81.6556,72.05,34,0,13.8,clear sky
153,Leh,IN,34.1667,77.5833,-4.16,57,39,2.73,scattered clouds
154,Saint Anthony,US,45.0205,-93.218,35.71,90,100,12.66,light rain
155,Palmer,US,42.1584,-72.3287,47.25,50,75,8.05,broken clouds
156,Cap Malheureux,MU,-19.9842,57.6142,79.47,71,87,11.99,overcast clouds
157,Svolvaer,NO,68.2342,14.5683,39.16,56,0,14.97,clear sky
158,Gunjur,GM,13.2019,-16.7339,95.07,17,0,8.05,clear sky
159,Hualmay,PE,-11.0964,-77.6139,75.15,66,54,10.2,broken clouds
160,Naze,JP,28.3667,129.4833,56.32,72,74,12.95,broken clouds
161,Klaksvik,FO,62.2266,-6.589,36.52,73,99,37.51,light rain
162,Garissa,KE,-0.4536,39.6401,87.87,27,95,4.21,overcast clouds
163,Pisco,PE,-13.7,-76.2167,77.05,65,0,10.36,clear sky
164,Vila Velha,BR,-20.3297,-40.2925,85.95,73,20,14.97,few clouds
165,Ambilobe,MG,-13.2,49.05,75.4,88,99,0.67,overcast clouds
166,Tougan,BF,13.0667,-3.0667,90.21,8,27,9.1,scattered clouds
167,Iquique,CL,-20.2208,-70.1431,75.24,66,40,9.57,scattered clouds
168,Provideniya,RU,64.3833,-173.3,-17.27,85,48,10.71,scattered clouds
169,Tuktoyaktuk,CA,69.4541,-133.0374,-11.2,77,20,9.22,few clouds
170,Udachnyy,RU,66.4167,112.4,-55.16,100,70,4.21,broken clouds
171,Kapaa,US,22.0752,-159.319,66.52,82,0,9.22,clear sky
172,Luganville,VU,-15.5333,167.1667,77.22,87,95,4.38,moderate rain
173,Ayolas,PY,-27.4,-56.9,104.0,20,0,4.74,clear sky
174,Kota Kinabalu,MY,5.9749,116.0724,78.78,89,20,4.61,few clouds
175,Leningradskiy,RU,69.3833,178.4167,-25.15,98,100,7.7,overcast clouds
176,Port Elizabeth,ZA,-33.918,25.5701,78.31,96,100,11.5,overcast clouds
177,Tiznit,MA,29.5833,-9.5,56.1,71,4,11.39,clear sky
178,Thompson,CA,55.7435,-97.8558,12.36,85,100,0.0,overcast clouds
179,Mahebourg,MU,-20.4081,57.7,79.25,73,40,12.66,scattered clouds
180,Hay River,CA,60.8156,-115.7999,13.98,85,100,4.61,light snow
181,Sassandra,CI,4.95,-6.0833,84.2,65,91,9.6,overcast clouds
182,Chkalovskoye,RU,44.8392,133.0436,3.36,94,100,3.4,overcast clouds
183,Goundam,ML,16.4145,-3.6708,84.7,9,61,8.16,broken clouds
184,Muros,ES,42.7762,-9.0603,45.09,79,100,30.09,overcast clouds
185,Waipawa,NZ,-41.4122,175.5153,53.01,90,2,3.24,clear sky
186,Acari,PE,-15.4311,-74.6158,82.96,54,26,11.9,scattered clouds
187,West Lafayette,US,40.4259,-86.9081,41.58,85,100,16.11,overcast clouds
188,Warangal,IN,18.0,79.5833,69.73,54,0,10.56,clear sky
189,Lerwick,GB,60.1545,-1.1494,39.2,70,82,23.13,light rain
190,Faya,SA,18.3851,42.4509,59.11,78,35,4.5,scattered clouds
191,Carbonia,IT,39.1672,8.5222,59.65,83,55,25.97,broken clouds
192,Clyde River,CA,70.4692,-68.5914,-21.77,76,95,8.05,overcast clouds
193,Matagami,CA,49.7502,-77.6328,24.91,50,40,5.75,scattered clouds
194,Kaitangata,NZ,-46.2817,169.8464,53.24,87,82,1.41,broken clouds
195,Kudahuvadhoo,MV,2.6708,72.8944,80.37,76,77,8.84,broken clouds
196,Luderitz,NA,-26.6481,15.1594,68.22,80,57,11.5,broken clouds
197,Tiksi,RU,71.6872,128.8694,-25.15,100,100,7.27,overcast clouds
198,Ler,SS,8.3018,30.1418,82.35,21,41,5.88,scattered clouds
199,Arcata,US,40.8665,-124.0828,41.67,97,0,6.91,clear sky
200,Westport,US,41.1415,-73.3579,46.09,46,90,1.01,overcast clouds
201,Nizhnyaya Tavda,RU,57.6731,66.1725,8.08,82,9,7.11,clear sky
202,Puerto Ayora,EC,-0.7393,-90.3518,84.16,93,86,5.99,overcast clouds
203,Montepuez,MZ,-13.1256,38.9997,69.33,97,87,3.71,moderate rain
204,Oktyabrskoye,RU,43.0645,44.7417,26.74,93,100,0.0,mist
205,San Patricio,US,28.017,-97.5169,78.08,63,60,7.92,broken clouds
206,Biaora,IN,23.8667,76.9167,52.97,35,10,6.08,clear sky
207,Ribeira Grande,PT,38.5167,-28.7,63.0,77,75,2.3,light rain
208,Upernavik,GL,72.7868,-56.1549,-7.47,94,100,1.74,overcast clouds
209,Inhambane,MZ,-23.865,35.3833,84.18,84,40,4.61,scattered clouds
210,Sukhaya Buyvola,RU,45.1533,42.9956,31.24,91,19,13.15,few clouds
211,Saint-Leu,RE,-21.15,55.2833,79.66,72,71,9.55,broken clouds
212,Shenzhen,CN,22.5455,114.0683,58.14,82,100,8.61,overcast clouds
213,Rio Grande,BR,-32.035,-52.0986,89.71,67,38,14.9,scattered clouds
214,Cidreira,BR,-30.1811,-50.2056,76.77,76,89,13.56,overcast clouds
215,Castro,BR,-24.7911,-50.0119,76.89,76,73,3.04,broken clouds
216,Jesup,US,31.6074,-81.8854,70.95,46,0,6.91,clear sky
217,Dolores,AR,-36.3132,-57.6792,94.15,20,24,17.07,few clouds
218,Vila Franca Do Campo,PT,37.7167,-25.4333,61.21,87,88,13.96,overcast clouds
219,Bulaevo,KZ,54.9056,70.4439,2.79,80,16,8.34,few clouds
220,Yantal,RU,56.8471,105.2542,0.52,99,100,3.22,overcast clouds
221,Port Blair,IN,11.6667,92.75,73.44,78,40,0.0,mist
222,Pirot,RS,43.1531,22.5861,51.21,76,100,14.79,overcast clouds
223,Vao,NC,-22.6667,167.4833,74.82,70,82,9.66,broken clouds
224,Goderich,CA,43.7501,-81.7165,43.92,100,100,11.5,overcast clouds
225,Nantong,CN,32.0303,120.8747,34.99,55,31,6.33,scattered clouds
226,Tautira,PF,-17.7333,-149.15,79.02,78,2,11.45,light rain
227,Bafq,IR,31.6128,55.4107,36.54,99,100,14.36,moderate rain
228,Pilar,BR,-9.5972,-35.9567,87.73,56,90,12.35,overcast clouds
229,Vostok,RU,46.4856,135.8833,0.54,98,100,3.87,light snow
230,Otradnoye,RU,59.7775,30.8181,32.05,91,100,10.33,overcast clouds
231,Beibei,CN,29.8256,106.4339,42.37,74,20,0.54,few clouds
232,Shenjiamen,CN,29.9576,122.298,41.74,52,100,14.38,overcast clouds
233,Longyan,CN,25.1072,117.0225,45.95,81,100,4.0,overcast clouds
234,Mount Gambier,AU,-37.8333,140.7667,59.65,91,100,8.52,moderate rain
235,Santa Lucia,ES,27.9117,-15.5407,61.77,80,75,14.97,broken clouds
236,Skrunda,LV,56.6833,22.0167,37.54,90,100,10.13,overcast clouds
237,Dekar,BW,-21.5333,21.9333,80.1,41,96,7.23,overcast clouds
238,Bibiani,GH,6.4635,-2.3194,85.84,28,23,1.34,few clouds
239,Yellowknife,CA,62.456,-114.3525,7.32,85,100,6.91,light snow
240,Kruisfontein,ZA,-34.0033,24.7314,72.75,93,97,4.07,overcast clouds
241,Kirakira,SB,-10.4544,161.9205,79.81,85,100,9.93,overcast clouds
242,Severo-Yeniseyskiy,RU,60.3725,93.0408,-42.77,100,78,2.55,broken clouds
243,Bengkulu,ID,-3.8004,102.2655,75.2,89,100,3.6,overcast clouds
244,Santo Tomas,PH,14.1079,121.1414,77.25,93,100,8.59,overcast clouds
245,Maguling,PH,6.095,124.4033,77.47,86,100,2.44,overcast clouds
246,Kade,DE,52.3833,12.2667,31.98,81,21,5.48,few clouds
247,Lorengau,PG,-2.0226,147.2712,80.65,80,100,5.26,overcast clouds
248,Comodoro Rivadavia,AR,-45.8667,-67.5,71.46,43,20,11.5,few clouds
249,Sabang,ID,5.8933,95.3214,79.74,73,96,15.82,overcast clouds
250,Menongue,AO,-14.6585,17.691,65.44,95,100,4.68,moderate rain
251,Port Hedland,AU,-20.3167,118.5667,82.45,83,66,11.5,broken clouds
252,Duisburg,DE,51.4333,6.75,38.14,92,0,2.3,clear sky
253,Constitucion,CL,-35.3333,-72.4167,66.27,61,48,8.1,scattered clouds
254,Rhyl,GB,53.3196,-3.4886,35.91,3,46,13.13,light snow
255,Caravelas,BR,-17.7125,-39.2481,83.8,61,37,8.37,scattered clouds
256,Tarko-Sale,RU,64.9225,77.785,-6.68,97,100,16.58,overcast clouds
257,Kununurra,AU,-15.7667,128.7333,80.58,89,49,1.14,heavy intensity rain
258,Aksarka,RU,66.5606,67.7975,-2.97,99,97,6.04,overcast clouds
259,Ouegoa,NC,-20.35,164.4333,76.44,86,100,11.99,light rain
260,Vardo,NO,70.3705,31.1107,31.98,74,75,18.41,broken clouds
261,Gornyy,RU,55.1153,83.9059,13.84,94,100,12.53,light snow
262,Norman Wells,CA,65.282,-126.8329,-5.76,77,75,2.3,light snow
263,Bojnurd,IR,37.4747,57.329,26.55,86,40,6.91,scattered clouds
264,San Cristobal,VE,7.7669,-72.225,75.38,41,79,3.09,broken clouds
265,Katsuura,JP,35.1333,140.3,45.72,86,79,5.97,broken clouds
266,Trabzon,TR,40.9167,39.8333,51.89,41,0,4.61,clear sky
267,Chapais,CA,49.7834,-74.8492,19.18,66,81,1.99,broken clouds
268,Tual,ID,-5.6667,132.75,82.67,76,100,10.0,overcast clouds
269,Kodiak,US,57.79,-152.4072,33.31,93,100,5.75,overcast clouds
270,Aljezur,PT,37.3191,-8.8033,55.65,73,74,21.36,broken clouds
271,Marsa Matruh,EG,31.3525,27.2453,61.0,67,0,4.61,clear sky
272,Denpasar,ID,-8.65,115.2167,78.46,94,40,2.3,scattered clouds
273,Ketchikan,US,55.3422,-131.6461,42.78,93,100,16.11,moderate rain
274,Berlevag,NO,70.8578,29.0864,33.8,80,75,17.27,broken clouds
275,Pontes E Lacerda,BR,-15.2261,-59.3353,85.21,63,100,3.29,overcast clouds
276,Valer,NO,60.6785,11.8331,31.62,96,100,9.73,light snow
277,Ponta Delgada,PT,37.7333,-25.6667,61.52,82,75,18.41,light intensity drizzle
278,Annau,TM,37.8876,58.516,24.3,80,99,6.91,overcast clouds
279,Kathmandu,NP,27.7167,85.3167,44.82,81,20,2.3,few clouds
280,Rio Gallegos,AR,-51.6226,-69.2181,68.05,42,75,14.97,broken clouds
281,Carutapera,BR,-1.195,-46.02,83.68,68,26,7.92,scattered clouds
282,Menzelinsk,RU,55.7271,53.1026,-2.87,91,23,4.43,few clouds
283,Mareeba,AU,-17.0,145.4333,74.44,97,100,2.8,moderate rain
284,Visby,SE,57.6409,18.296,39.42,93,75,10.36,broken clouds
285,Bereznik,RU,62.8551,42.7072,14.05,98,87,5.32,overcast clouds
286,Natal,BR,-5.795,-35.2094,86.65,61,40,18.41,scattered clouds
287,Los Angeles,US,34.0522,-118.2437,56.35,67,0,12.66,clear sky
288,Port Hardy,CA,50.6996,-127.4199,42.98,87,100,9.22,light rain
289,Bethel,US,41.3712,-73.414,47.55,46,40,3.44,scattered clouds
290,Bambous Virieux,MU,-20.3428,57.7575,79.21,73,40,12.66,scattered clouds
291,Prainha,BR,-1.8,-53.48,87.04,53,61,3.98,broken clouds
292,Faanui,PF,-16.4833,-151.75,79.54,74,95,8.23,moderate rain
293,Seoul,KR,37.5683,126.9778,26.2,87,75,6.91,broken clouds
294,Morondava,MG,-20.2833,44.2833,83.68,74,5,10.2,clear sky
295,Antofagasta,CL,-23.65,-70.4,74.48,64,2,10.18,clear sky
296,Kodinsk,RU,58.6881,99.1844,-21.98,93,100,8.81,overcast clouds
297,Santiago De Cuba,CU,20.0247,-75.8219,78.91,44,0,5.75,clear sky
298,Vitim,RU,59.4511,112.5578,-29.43,96,97,4.0,overcast clouds
299,Badou,TG,7.5833,0.6,81.64,22,37,1.16,scattered clouds
300,Xuddur,SO,4.1213,43.8894,78.1,24,26,10.69,scattered clouds
301,Doha,QA,25.2867,51.5333,67.98,73,41,23.02,dust
302,Kotelnich,RU,58.3089,48.348,14.95,94,100,9.22,overcast clouds
303,Buala,SB,-8.145,159.5921,79.39,84,96,9.42,light rain
304,Muroto,JP,33.2833,134.15,50.56,72,94,7.16,light rain
305,Matara,LK,5.9485,80.5353,74.52,81,100,9.04,overcast clouds
306,Jiangyou,CN,31.7667,104.7167,36.77,46,53,1.45,broken clouds
307,Tripoli,LY,32.8752,13.1875,65.26,38,4,20.56,clear sky
308,Tombouctou,ML,20.0,-3.0,71.28,15,7,4.32,clear sky
309,Detva,SK,48.5608,19.4195,32.36,98,99,2.75,light snow
310,Oksfjord,NO,70.2396,22.3479,39.38,88,94,10.09,overcast clouds
311,Gat,IL,31.61,34.7642,57.81,70,0,3.29,clear sky
312,Lagoa,PT,39.05,-27.9833,58.41,83,96,14.27,overcast clouds
313,General Roca,AR,-39.0333,-67.5833,90.63,30,99,8.55,overcast clouds
314,Iguape,BR,-24.7081,-47.5553,81.48,77,60,9.57,broken clouds
315,Grodzisk Wielkopolski,PL,52.2276,16.3653,36.82,74,26,5.39,scattered clouds
316,Loa Janan,ID,-0.583,117.095,72.73,99,94,0.92,overcast clouds
317,Mackay,AU,-21.15,149.2,72.68,81,100,21.56,light rain
318,Yulara,AU,-25.2406,130.9889,82.06,45,69,24.0,broken clouds
319,Imst,AT,47.2684,10.6698,19.18,92,100,3.31,overcast clouds
320,Huejuquilla El Alto,MX,22.6,-103.8667,68.2,12,33,5.14,scattered clouds
321,Pacific Grove,US,36.6177,-121.9166,51.51,90,0,5.01,clear sky
322,Bambanglipuro,ID,-7.95,110.2833,76.48,89,100,5.59,overcast clouds
323,Kiunga,PG,-6.1219,141.2906,73.06,100,100,4.27,moderate rain
324,Montecristo,CO,8.2971,-74.4733,87.12,59,52,2.35,broken clouds
325,The Valley,AI,18.217,-63.0578,80.74,69,40,11.5,scattered clouds
326,Cayenne,GF,4.9333,-52.3333,82.44,69,75,9.22,moderate rain
327,Sao Felix Do Xingu,BR,-6.6447,-51.995,84.58,65,98,2.28,light rain
328,Babanka,UA,48.7097,30.4483,44.29,93,95,15.73,overcast clouds
329,Tabou,CI,4.423,-7.3528,82.53,72,93,9.6,overcast clouds
330,Zhanaozen,KZ,43.3,52.8,28.31,37,96,11.39,overcast clouds
331,Thongwa,MM,16.7619,96.5278,71.76,65,2,4.03,clear sky
332,Monrovia,LR,6.3005,-10.7969,87.57,76,40,11.61,scattered clouds
333,Sao Geraldo Do Araguaia,BR,-6.4006,-48.555,83.08,73,83,4.54,broken clouds
334,Chikwawa,MW,-16.0335,34.8009,74.8,94,100,2.42,light rain
335,Tasiilaq,GL,65.6145,-37.6368,17.76,93,100,11.56,snow
336,Fort Morgan,US,40.2503,-103.8,27.82,93,0,8.05,clear sky
337,Sobolevo,RU,54.4299,31.8996,32.95,99,100,15.79,snow
338,Haines Junction,CA,60.7522,-137.5108,6.33,98,100,0.25,overcast clouds
339,Saint-Louis,SN,16.3333,-15.0,94.64,10,91,12.06,overcast clouds
340,Kachug,RU,53.9606,105.8817,4.44,94,100,3.87,overcast clouds
341,Marawi,PH,7.9986,124.2928,68.25,96,90,1.68,overcast clouds
342,Chimbote,PE,-9.0853,-78.5783,75.63,63,64,11.86,broken clouds
343,Nhulunbuy,AU,-12.2333,136.7667,83.01,89,75,10.36,broken clouds
344,Morro Bay,US,35.3658,-120.8499,54.21,86,5,1.99,clear sky
345,Ahipara,NZ,-35.1667,173.1667,59.31,90,3,7.18,clear sky
346,Kysyl-Syr,RU,63.8986,122.7617,-54.33,100,95,1.9,overcast clouds
347,Boa Esperanca,BR,-21.09,-45.5658,81.79,58,22,4.41,few clouds
348,Chuy,UY,-33.6971,-53.4616,80.35,50,0,14.2,clear sky
349,Russell,US,32.3502,-85.1999,70.88,73,75,8.05,broken clouds
350,Cobija,BO,-11.0267,-68.7692,82.58,78,75,3.44,broken clouds
351,Chara,RU,56.9064,118.2631,-30.8,77,97,0.11,overcast clouds
352,Benghazi,LY,32.1167,20.0667,63.46,57,0,16.42,clear sky
353,North Bend,US,43.4065,-124.2243,44.08,99,100,10.36,overcast clouds
354,Zarichne,UA,51.8126,26.129,39.97,85,80,9.64,broken clouds
355,Port Keats,AU,-14.25,129.55,81.46,84,100,9.93,overcast clouds
356,Golkoy,TR,40.6875,37.6178,45.81,73,26,8.52,scattered clouds
357,Sovetskiy,RU,61.3614,63.5842,10.99,85,13,7.74,few clouds
358,Richfield,US,44.8833,-93.283,36.18,91,100,12.66,light rain
359,Havre-Saint-Pierre,CA,50.2334,-63.5986,37.76,100,100,14.97,light rain
360,The Pas,CA,53.8251,-101.2541,15.82,86,100,4.61,overcast clouds
361,Ouadda,CF,8.0777,22.4007,76.12,23,82,5.64,broken clouds
362,Kavieng,PG,-2.5744,150.7967,80.4,78,100,9.93,light rain
363,Metro,ID,-5.1131,105.3067,75.11,91,100,4.41,light rain
364,Grand Gaube,MU,-20.0064,57.6608,79.38,71,85,11.99,overcast clouds
365,Barcelos,PT,41.5388,-8.6151,46.85,75,100,21.27,overcast clouds
366,Namikupa,TZ,-10.8333,39.6,71.4,97,69,3.15,light rain
367,Rudbar,AF,30.15,62.6,50.94,23,100,2.08,overcast clouds
368,Bilma,NE,18.6853,12.9164,67.6,19,0,7.36,clear sky
369,Yumen,CN,40.2833,97.2,10.9,64,0,26.82,clear sky
370,Reshetylivka,UA,49.565,34.0782,39.49,89,91,18.39,light rain
371,Souillac,MU,-20.5167,57.5167,79.18,73,40,12.66,scattered clouds
372,Anadyr,RU,64.75,177.4833,-17.9,76,0,8.95,clear sky
373,Juan Lacaze,UY,-34.4342,-57.4381,98.11,57,1,23.33,clear sky
374,Kathu,TH,7.9178,98.3332,83.7,89,97,10.31,overcast clouds
375,Siverek,TR,37.755,39.3167,41.09,90,23,1.59,few clouds
376,Madera,US,37.1666,-119.8343,45.07,74,89,1.66,overcast clouds
377,Znamenskoye,RU,57.1281,73.8282,2.3,98,27,4.59,scattered clouds
378,Quimper,FR,48.0,-4.1,39.78,65,0,13.8,clear sky
379,Nacozari,MX,25.3366,-108.2574,70.05,38,100,5.64,overcast clouds
380,Dapaong,TG,10.8639,0.205,83.75,13,22,6.31,few clouds
381,Dubbo,AU,-32.25,148.6167,68.13,77,0,12.66,clear sky
382,Tazovskiy,RU,67.4667,78.7,-15.12,86,100,15.43,overcast clouds
383,Mazyr,BY,52.0495,29.2456,39.11,95,100,11.95,overcast clouds
384,Kailua,US,21.4022,-157.7394,75.18,77,0,0.0,clear sky
385,Svetlogorsk,BY,52.6333,29.7333,37.17,96,100,13.76,overcast clouds
386,Terme,TR,41.2092,36.9739,51.73,58,17,6.89,few clouds
387,Lamu,KE,-2.2717,40.902,80.82,81,81,12.71,broken clouds
388,Aizawl,IN,23.7333,92.7167,42.1,73,0,2.82,clear sky
389,Esperance,AU,-33.8667,121.9,60.4,59,94,11.88,overcast clouds
390,Kostomuksha,RU,64.571,30.5767,28.49,88,100,4.27,overcast clouds
391,Loubomo,CG,-4.1997,12.6739,73.76,90,88,2.04,moderate rain
392,Valle De Allende,MX,26.9333,-105.4,66.49,16,100,10.16,overcast clouds
393,Saint-Joseph,RE,-21.3667,55.6167,79.18,76,73,14.45,broken clouds
394,Tyrma,RU,50.0833,132.1667,-24.25,100,97,2.89,overcast clouds
395,Cruzilia,BR,-21.8386,-44.8083,79.47,55,25,4.09,scattered clouds
396,Sol-Iletsk,RU,51.1631,54.9918,6.31,80,4,7.72,clear sky
397,Pangnirtung,CA,66.1451,-65.7125,-23.8,62,75,4.61,broken clouds
398,Churachandpur,IN,24.3333,93.6667,42.67,82,0,1.5,clear sky
399,La Ronge,CA,55.1001,-105.2842,19.65,86,100,8.05,overcast clouds
400,Biak,ID,-0.9131,122.8766,75.72,87,48,1.25,scattered clouds
401,Tangier,MA,35.7806,-5.8137,60.15,100,75,18.41,broken clouds
402,Mabaruma,GY,8.2,-59.7833,84.58,51,59,7.05,broken clouds
403,Calderitas,MX,18.55,-88.25,80.71,61,0,17.27,clear sky
404,San Quintin,MX,30.4833,-115.95,57.25,66,31,13.69,scattered clouds
405,Pierre,US,44.3683,-100.351,27.86,78,100,8.99,overcast clouds
406,Tall Kayf,TR,37.0833,41.0667,50.34,67,5,5.75,clear sky
407,Pogar,RU,52.554,33.2591,35.28,83,100,18.59,light snow
408,Princeton,US,25.5384,-80.4089,77.02,56,20,9.22,few clouds
409,Kutum,SD,14.2,24.6667,66.11,21,54,9.64,broken clouds
410,Alihe,CN,50.5667,123.7167,-28.61,100,46,1.43,scattered clouds
411,Umm Lajj,SA,25.0213,37.2685,71.22,32,17,12.59,few clouds
412,Saint-Augustin,CA,51.226,-58.6502,36.5,100,100,9.26,overcast clouds
413,Hami,CN,42.8,93.45,15.57,45,3,4.85,clear sky
414,Vila Do Maio,CV,15.1333,-23.2167,77.79,79,100,13.29,overcast clouds
415,Poum,NC,-20.2333,164.0167,77.86,82,100,18.72,overcast clouds
416,Bima,ID,-8.4667,118.7167,76.87,93,100,2.08,overcast clouds
417,Dalvik,IS,65.9702,-18.5286,22.93,85,100,11.99,light snow
418,Nome,US,64.5011,-165.4064,3.27,72,100,10.36,overcast clouds
419,Svencionys,LT,55.15,26.1667,35.89,97,100,11.01,overcast clouds
420,Port Angeles,US,48.1181,-123.4307,45.7,97,40,3.44,scattered clouds
421,Fort Nelson,CA,58.8053,-122.7002,-0.81,85,75,2.3,broken clouds
422,Vanimo,PG,-2.6741,141.3028,77.29,88,91,5.23,overcast clouds
423,Tygda,RU,53.1167,126.3333,-40.5,99,41,0.98,scattered clouds
424,Saint-Francois,FR,46.4154,3.9054,40.44,76,75,17.27,broken clouds
425,Ust-Nera,RU,64.5667,143.2,-33.05,100,99,4.65,overcast clouds
426,Dukat,RU,62.55,155.55,-28.28,97,100,4.47,overcast clouds
427,Syamzha,RU,60.0158,41.0614,22.6,94,100,8.61,light snow
428,Ekuvukeni,ZA,-28.4675,30.1551,70.3,49,82,6.64,broken clouds
429,Bereda,ES,43.2686,-7.5406,41.41,100,100,8.46,overcast clouds
430,Coahuayana,MX,18.7333,-103.6833,81.46,32,83,5.41,broken clouds
431,Antalaha,MG,-14.9003,50.2788,74.35,89,87,8.61,light rain
432,Lethem,GY,3.3803,-59.7968,88.02,49,87,9.73,overcast clouds
433,Novobiryusinskiy,RU,56.9578,97.7076,-12.06,95,100,7.9,overcast clouds
434,Xining,CN,36.6167,101.7667,3.33,78,16,2.08,few clouds
435,Kallithea,GR,37.95,23.7,63.61,77,20,15.99,few clouds
436,Joaima,BR,-16.6542,-41.0306,82.45,67,62,5.03,broken clouds
437,Tsaratanana,MG,-16.7833,47.65,75.81,72,62,10.78,broken clouds
438,Yabrud,SY,33.9674,36.6574,40.66,76,33,2.33,scattered clouds
439,Burns Lake,CA,54.2331,-125.7533,29.62,97,100,4.07,overcast clouds
440,Prokopyevsk,RU,53.9059,86.719,14.77,85,100,14.0,light snow
441,Yenagoa,NG,4.9247,6.2642,83.84,62,98,10.25,overcast clouds
442,Saiha,IN,22.4833,92.9667,49.21,57,0,3.78,clear sky
443,Sitka,US,57.0531,-135.33,44.49,57,100,23.02,moderate rain
444,Kapoeta,SS,4.7717,33.5903,87.24,22,73,12.39,broken clouds
445,Teya,RU,60.3778,92.6267,-41.06,100,80,1.16,broken clouds
446,Odienne,CI,9.51,-7.5692,89.67,11,24,4.41,few clouds
447,Yambio,SS,4.5721,28.3955,82.96,27,50,5.17,scattered clouds
448,Savannah Bight,HN,16.45,-85.85,76.64,65,29,17.74,scattered clouds
449,Grindavik,IS,63.8424,-22.4338,24.75,80,20,10.36,few clouds
450,San Juan Evangelista,MX,17.9,-95.1333,83.21,61,62,15.48,broken clouds
451,Arman,RU,59.7,150.1667,-16.44,83,100,12.75,overcast clouds
452,Aswan,EG,24.0934,32.907,67.3,27,0,5.75,clear sky
453,Gushi,CN,34.6425,109.5843,27.07,52,11,5.06,few clouds
454,Skibbereen,IE,51.55,-9.2667,37.04,74,49,12.5,light rain
455,Christchurch,NZ,-43.5333,172.6333,61.92,83,100,2.3,overcast clouds
456,Areia Branca,BR,-4.9561,-37.1369,82.6,62,54,17.94,broken clouds
457,San Policarpo,PH,12.1791,125.5072,78.55,86,100,1.19,overcast clouds
458,Zlobin,HR,45.2924,14.6541,38.37,83,75,2.3,broken clouds
459,Porto Santo,PT,33.072,-16.3415,61.18,88,40,14.97,scattered clouds
460,Taoudenni,ML,22.6783,-3.9836,72.64,16,73,3.18,broken clouds
461,Muyezerskiy,RU,63.9333,31.65,20.25,95,85,6.38,overcast clouds
462,Mahibadhoo,MV,3.7833,72.9667,79.93,79,98,14.74,overcast clouds
463,Dicabisagan,PH,17.0818,122.4157,74.39,90,100,12.73,overcast clouds
464,Mathbaria,BD,22.2876,89.9593,62.6,74,0,2.21,clear sky
465,Dauphin,CA,51.1494,-100.0502,10.54,92,100,5.75,overcast clouds
466,Pembroke,CA,45.8168,-77.1162,22.17,78,100,4.07,light snow
467,Tugolesskiy Bor,RU,55.5505,39.8242,27.9,94,100,12.95,overcast clouds
468,Barkhan,PK,29.8977,69.5256,43.66,21,5,2.68,clear sky
469,Necochea,AR,-38.5473,-58.7368,81.07,53,90,24.63,overcast clouds
470,Nakhon Si Thammarat,TH,8.25,100.0,73.42,87,74,2.77,broken clouds
471,Beringovskiy,RU,63.05,179.3167,-9.63,92,100,18.54,overcast clouds
472,Praia Da Vitoria,PT,38.7333,-27.0667,61.75,94,75,14.88,broken clouds
473,Elban,RU,50.1018,136.5094,-10.79,99,100,2.06,overcast clouds
474,Chhatapur,IN,26.2167,87.0167,54.5,55,0,5.17,clear sky
475,Moron,AR,-34.6534,-58.6198,98.94,34,2,10.85,clear sky
476,Tammisaari,FI,59.9736,23.4339,34.9,99,100,17.0,light snow
477,Kamenka,RU,51.3223,42.7678,20.93,76,94,15.32,overcast clouds
478,Qaqortoq,GL,60.7167,-46.0333,12.07,62,100,9.19,overcast clouds
479,Varhaug,NO,58.6147,5.6457,33.85,97,100,5.64,light snow
480,Pincher Creek,CA,49.4833,-113.952,37.51,66,0,12.66,clear sky
481,Tura,IN,25.5198,90.2201,52.48,42,0,2.98,clear sky
482,Ban Nahin,LA,18.2418,104.2122,56.86,87,2,5.17,clear sky
483,Alindao,CF,5.0267,21.2088,82.94,23,37,1.3,scattered clouds
484,Ternate,ID,0.8,127.4,79.92,80,88,6.26,overcast clouds
485,Missoula,US,47.0166,-113.8009,27.84,94,100,4.47,light snow
486,College,US,64.8569,-147.8028,3.15,78,75,6.91,broken clouds
487,Kremenchuk,UA,49.0973,33.4197,42.58,83,100,17.83,overcast clouds
488,Jumla,NP,29.2747,82.1838,29.97,25,0,4.99,clear sky
489,Alta Floresta,BR,-9.8756,-56.0861,82.71,74,80,3.18,light rain
490,Kaeo,NZ,-35.1,173.7833,59.32,91,19,6.4,few clouds
491,Coihaique,CL,-45.5752,-72.0662,77.61,31,0,5.75,clear sky
492,Archidona,ES,37.0965,-4.3887,54.16,76,81,18.77,broken clouds
493,Tezu,IN,27.9167,96.1667,54.0,81,38,3.89,scattered clouds
494,Pavlodar,KZ,52.3,76.95,6.6,78,0,15.66,clear sky
495,Naryan-Mar,RU,67.6713,53.087,20.55,93,100,17.36,overcast clouds
496,Novaya Igirma,RU,57.1334,103.9112,-3.33,98,100,5.61,overcast clouds
497,Santa Vitoria Do Palmar,BR,-33.5189,-53.3681,80.62,50,0,13.96,clear sky
498,Bagdarin,RU,54.4333,113.6,-14.37,94,100,1.74,overcast clouds
499,Jasper,US,37.2001,-94.3502,58.23,58,20,6.91,few clouds
500,Taos,US,36.4072,-105.5731,41.2,83,0,3.44,clear sky
501,Wuwei,CN,37.9281,102.6414,15.19,52,0,4.63,clear sky
502,Bara,NG,10.3744,10.7288,82.18,20,5,9.22,clear sky
503,Sarai,RU,53.7458,41.0213,26.42,89,100,15.9,overcast clouds
504,Labuhan,ID,-6.8844,112.2051,77.72,87,100,7.78,overcast clouds
505,Pionki,PL,51.476,21.4499,38.21,86,41,6.2,scattered clouds
506,Provost,CA,52.3501,-110.2683,16.25,96,95,3.18,overcast clouds
507,Kotli Loharan,PK,32.5883,74.4932,48.09,76,5,4.61,smoke
508,Raudeberg,NO,61.9875,5.1352,36.27,69,98,7.83,overcast clouds
509,Sao Joao Da Barra,BR,-21.6403,-41.0511,86.09,80,9,11.3,clear sky
510,Port Hawkesbury,CA,45.6169,-61.3485,48.61,99,100,10.36,overcast clouds
511,Regina,CA,50.4501,-104.6178,15.04,90,100,10.36,overcast clouds
512,Zhongshan,CN,21.3226,110.5829,51.53,76,98,9.22,overcast clouds
513,Kayes,ML,14.0,-11.0,91.72,8,3,9.64,clear sky
514,Mangan,IN,27.5167,88.5333,48.72,92,100,3.38,overcast clouds
515,Roald,NO,62.5833,6.1333,35.76,86,0,2.3,clear sky
516,Burley,US,42.5357,-113.7928,29.3,93,100,6.91,mist
517,Warrnambool,AU,-38.3833,142.4833,62.35,92,100,12.35,light rain
518,Nenjiang,CN,49.1833,125.2167,-31.43,100,52,2.04,broken clouds
519,Bandarbeyla,SO,9.4942,50.8122,75.54,73,42,16.62,scattered clouds
520,Kismayo,SO,-0.3582,42.5454,76.82,82,92,13.38,overcast clouds
521,Sabancuy,MX,18.9667,-91.1833,82.9,53,5,5.77,clear sky
522,Acapulco,MX,16.8634,-99.8901,82.56,64,99,6.33,overcast clouds
523,Hofn,IS,64.2539,-15.2082,26.44,61,41,17.81,scattered clouds
524,Najran,SA,17.4924,44.1277,75.85,31,29,5.3,scattered clouds
525,Bulakamba,ID,-6.8748,108.9559,78.64,85,100,5.21,overcast clouds
526,Khryashchevka,RU,53.8119,49.0916,4.42,97,29,5.55,scattered clouds
527,Itarema,BR,-2.9248,-39.9167,85.15,58,41,15.75,scattered clouds
528,Bani,DO,18.2833,-70.3333,81.86,41,0,10.58,clear sky
529,Fairbanks,US,64.8378,-147.7164,3.16,77,75,6.91,broken clouds
530,Hanstholm,DK,57.1167,8.6167,36.41,97,100,14.52,light rain
531,Honiara,SB,-9.4333,159.95,77.36,89,100,4.18,moderate rain
532,Saluzzo,IT,44.6464,7.4862,41.94,93,75,5.75,broken clouds
533,Karratha,AU,-20.7377,116.8463,82.4,66,32,13.62,scattered clouds
534,Oranjestad,AW,12.524,-70.027,84.15,61,40,18.41,scattered clouds
535,Oktyabrskiy,RU,54.4815,53.471,-1.68,90,29,5.28,scattered clouds
536,Bengbu,CN,32.9408,117.3608,30.2,72,88,4.05,overcast clouds
537,Saint-Andre-Avellin,CA,45.7168,-75.066,22.6,77,90,1.61,overcast clouds
538,Oranjemund,NA,-28.55,16.4333,66.4,90,78,7.07,broken clouds
539,Malchevskaya,RU,49.0552,40.3625,26.47,83,100,15.99,overcast clouds
540,Gorom-Gorom,BF,14.4439,-0.2361,78.48,12,57,9.15,broken clouds
541,Niwari,IN,28.8833,77.5333,48.07,51,1,5.17,clear sky
542,Birin,NP,26.8865,88.0718,42.78,71,85,2.64,overcast clouds
543,Mbandaka,CD,0.0487,18.2603,80.78,58,71,5.88,broken clouds
544,Praya,CV,14.9215,-23.5087,77.54,61,0,23.02,clear sky
545,Nouadhibou,MR,20.931,-17.0347,67.48,68,100,18.61,overcast clouds
546,Bahia Blanca,AR,-38.7196,-62.2724,86.67,33,99,15.32,overcast clouds
547,Batemans Bay,AU,-35.7167,150.1833,69.1,90,25,5.35,scattered clouds
548,Panama City,PA,8.9936,-79.5197,90.28,53,20,9.22,few clouds
549,Bonavista,CA,48.6499,-53.1147,38.21,100,100,13.38,overcast clouds
550,Luunja,EE,58.3558,26.8808,34.41,89,100,10.36,overcast clouds
551,Boa Vista,BR,2.8197,-60.6733,85.98,54,75,14.97,broken clouds
552,Verin,ES,41.9415,-7.4381,36.55,97,99,15.14,overcast clouds
553,Belaya Gora,RU,68.5333,146.4167,-41.62,100,100,2.95,overcast clouds
554,Ostersund,SE,63.1792,14.6357,30.65,100,100,11.5,overcast clouds
555,Glendive,US,47.1053,-104.7125,24.49,93,100,5.75,mist
556,Nabire,ID,-3.3667,135.4833,75.18,90,100,3.58,moderate rain
557,Chambas,CU,22.1928,-78.9136,81.05,36,0,7.25,clear sky
558,Sao Caetano De Odivelas,BR,-0.75,-48.02,80.08,81,96,6.69,overcast clouds
559,Dubai,AE,25.2582,55.3047,73.33,68,0,5.75,clear sky
560,Jibuti,DJ,11.5,42.5,71.04,63,12,10.74,few clouds
561,Valparaiso,CL,-33.0393,-71.6273,70.0,81,0,11.5,clear sky
562,Flinders,AU,-34.5833,150.8552,68.38,84,12,3.0,few clouds
563,Itoman,JP,26.1247,127.6694,60.82,67,20,13.8,few clouds
564,Yarada,IN,17.65,83.2667,71.92,100,20,2.3,mist
565,Okhotsk,RU,59.3833,143.3,-16.46,99,100,8.14,overcast clouds
566,Samarai,PG,-10.6167,150.6667,80.89,78,99,7.61,overcast clouds
567,Zverinogolovskoye,RU,54.4586,64.8542,2.39,80,4,7.65,clear sky
568,Olafsvik,IS,64.8945,-23.7142,26.51,66,66,16.98,broken clouds
569,Tuatapere,NZ,-46.1333,167.6833,50.99,93,47,4.79,scattered clouds
570,Queanbeyan,AU,-35.35,149.2333,63.41,92,39,0.0,scattered clouds
571,Saint-Georges,GD,12.0564,-61.7485,83.88,70,40,21.85,scattered clouds
572,Monroe,US,43.1501,-77.6831,43.21,92,100,4.61,overcast clouds
573,Mackenzie,CA,55.2999,-123.1698,32.22,100,100,4.61,overcast clouds
574,Samfya,ZM,-11.3649,29.5565,65.1,91,72,2.71,broken clouds
575,Los Llanos De Aridane,ES,28.6585,-17.9182,60.55,77,75,13.8,broken clouds
576,Kalemie,CD,-5.9475,29.1947,70.56,81,95,3.67,overcast clouds
577,Mildura,AU,-34.2,142.15,74.07,68,81,8.77,broken clouds
578,Chitral,PK,35.8462,71.7858,18.84,34,0,8.52,clear sky
579,Richards Bay,ZA,-28.783,32.0377,77.81,76,40,12.39,scattered clouds
580,Husavik,IS,66.0449,-17.3389,24.44,83,100,16.55,light snow
581,Gandajika,CD,-6.75,23.95,64.62,94,100,2.75,overcast clouds
582,Bairiki,KI,1.3292,172.9752,78.8,94,40,4.61,scattered clouds
583,Ratnagiri,IN,16.9833,73.3,70.34,71,38,5.57,scattered clouds
584,Makueni,KE,-1.8041,37.6203,62.42,73,88,3.22,overcast clouds
585,Banting,MY,2.8167,101.5,79.56,88,99,2.53,overcast clouds
586,Guerrero Negro,MX,27.9769,-114.0611,61.72,56,83,21.88,broken clouds
587,Warrington,GB,53.3925,-2.5802,36.27,94,75,8.05,light snow
588,Itapirapua,BR,-15.8233,-50.6133,86.16,60,100,5.73,overcast clouds
589,Okato,NZ,-39.2,173.8833,59.18,93,70,1.01,broken clouds
590,Namibe,AO,-15.1961,12.1522,74.93,77,90,10.04,overcast clouds
591,Lanzhou,CN,36.0564,103.7922,19.11,52,31,1.9,scattered clouds
592,Mogadishu,SO,2.0371,45.3438,77.36,78,18,20.49,few clouds
593,Papetoai,PF,-17.4961,-149.8729,80.19,75,30,6.62,scattered clouds
594,Acarau,BR,-2.8856,-40.12,85.19,58,45,17.0,scattered clouds
595,Ascension,US,30.2169,-90.9001,77.0,78,100,12.66,overcast clouds
596,Bom Jesus,BR,-9.0744,-44.3586,94.08,30,91,6.24,overcast clouds
597,Havoysund,NO,70.9963,24.6622,35.83,89,94,17.81,overcast clouds
598,Bathsheba,BB,13.2167,-59.5167,79.47,72,17,13.04,light rain
599,Tezpur,IN,26.6333,92.8,61.7,52,79,3.2,broken clouds
600,Corrente,BR,-3.7367,-43.3394,86.7,52,80,3.38,broken clouds
601,Areosa,PT,41.7178,-8.8571,48.7,71,100,30.91,overcast clouds
602,Mahina,PF,-17.5065,-149.489,80.37,74,20,3.44,light rain
603,Abadan,IR,30.3392,48.3043,55.35,94,32,18.41,mist
604,Tonantins,BR,-2.8731,-67.8022,75.38,97,100,2.62,overcast clouds
605,Lashio,MM,22.9333,97.75,49.21,71,0,0.83,clear sky
606,Brownwood,US,31.7093,-98.9912,75.2,34,0,3.44,clear sky
607,Along,IN,28.1667,94.7667,49.71,90,75,1.34,broken clouds
608,Hanzhong,CN,33.0728,107.0303,29.82,53,92,0.78,overcast clouds
609,Sao Sepe,BR,-30.1606,-53.5653,99.32,20,0,6.42,clear sky
610,Silvino Lobos,PH,12.3,124.8333,73.72,98,98,0.96,light rain
611,Semey,KZ,50.4111,80.2275,8.13,97,98,3.53,overcast clouds
612,Togur,RU,58.3631,82.8265,2.91,97,98,5.01,overcast clouds
613,Latehar,IN,23.75,84.5,50.09,42,0,2.82,clear sky
614,Batagay-Alyta,RU,67.8006,130.4114,-28.89,100,100,1.81,overcast clouds
615,Margate,GB,51.3813,1.3862,31.89,89,100,12.55,overcast clouds
616,Yeppoon,AU,-23.1333,150.7333,69.58,81,88,18.59,overcast clouds
617,Namatanai,PG,-3.6667,152.4333,78.58,82,100,5.53,overcast clouds
618,Requena,ES,39.4883,-1.1004,47.79,84,77,22.3,broken clouds
619,Paraiso,CR,9.8383,-83.8656,82.89,48,46,4.05,scattered clouds
620,Eydhafushi,MV,5.1033,73.0708,80.35,78,82,15.21,broken clouds
621,Lasa,IT,46.6166,10.7002,32.88,95,100,1.05,light snow
622,Rassvet,RU,46.8333,40.75,34.39,79,99,15.84,overcast clouds
623,Suffolk,US,40.8668,-72.7996,45.64,48,0,5.75,clear sky
624,Bubaque,GW,11.2833,-15.8333,77.5,70,13,12.75,few clouds
625,Pauini,BR,-7.7136,-66.9764,76.78,81,100,1.72,overcast clouds
626,Abdanan,IR,32.9926,47.4198,46.29,62,33,9.19,scattered clouds
627,Bati,ET,11.1833,40.0167,63.81,35,18,0.83,few clouds
628,Urumqi,CN,43.801,87.6005,-10.25,84,95,4.47,mist
629,Ancud,CL,-41.8697,-73.8203,62.83,65,57,6.8,broken clouds
630,Trairi,BR,-3.2778,-39.2689,84.9,61,69,12.82,broken clouds
631,Marsaxlokk,MT,35.8419,14.5431,63.21,67,20,19.57,few clouds
632,Pittsfield,US,42.4501,-73.2454,46.2,45,75,3.44,broken clouds
633,Pavelets,RU,53.7883,39.246,26.8,91,100,17.63,overcast clouds
634,Lata,PT,40.1629,-8.3327,51.82,88,100,14.52,overcast clouds
635,Phangnga,TH,8.4509,98.5298,73.44,85,96,4.07,overcast clouds
636,Pachino,IT,36.7186,15.0907,60.78,70,55,24.79,broken clouds
637,Taveta,KE,-3.3963,37.6736,73.63,60,65,7.99,broken clouds
638,Agdas,AZ,40.65,47.4761,33.67,61,5,3.2,clear sky
639,Hargeysa,SO,9.56,44.065,62.01,79,90,9.08,overcast clouds
640,Byron Bay,AU,-28.65,153.6167,63.95,78,42,7.94,scattered clouds
641,Petatlan,MX,17.5167,-101.2667,85.15,42,100,6.2,overcast clouds
642,Nguruka,TZ,-5.1092,31.0419,65.62,91,31,2.64,scattered clouds
643,Falmouth,GB,50.1544,-5.0711,40.21,80,29,5.75,scattered clouds
644,Uthal,PK,25.8072,66.6219,61.43,45,14,1.63,few clouds
645,Suicheng,CN,33.8963,117.9331,27.5,72,99,5.95,overcast clouds
646,Prince Rupert,CA,54.3161,-130.3201,42.49,87,100,49.48,light rain
647,Ballina,AU,-28.8667,153.5667,64.02,99,37,7.61,scattered clouds
648,Vestmanna,FO,62.1564,-7.1664,34.72,80,100,19.57,light snow
649,Qurayyat,SA,31.3318,37.3428,55.58,50,0,0.0,clear sky
650,Wakema,MM,16.6,95.1833,66.2,69,0,6.44,clear sky
651,Vilyuysk,RU,63.7553,121.6247,-59.96,100,85,2.04,overcast clouds
652,Ha Tinh,VN,18.3333,105.9,58.05,90,100,7.36,overcast clouds
653,Gizo,SB,-8.103,156.8419,80.89,79,100,7.9,moderate rain
654,Manggar,ID,-2.8833,108.2667,78.55,86,100,9.08,overcast clouds
655,Manadhoo,MV,5.7667,73.3833,80.19,79,26,15.64,scattered clouds
656,Mayo,US,38.8876,-76.5119,45.72,84,100,8.05,overcast clouds
657,Kardamaina,GR,36.7814,27.1425,60.28,72,20,12.66,few clouds
658,Ligayan,PH,4.6533,119.4706,81.19,76,90,7.72,overcast clouds
659,Ulladulla,AU,-35.35,150.4667,63.27,89,10,6.76,clear sky
660,Da Nang,VN,16.0678,108.2208,66.18,88,75,2.3,broken clouds
661,Nantucket,US,41.2835,-70.0995,43.14,70,0,16.11,clear sky
662,Calbuco,CL,-41.768,-73.1273,67.21,72,23,9.93,few clouds
663,Chumikan,RU,54.7183,135.315,-32.71,89,66,8.12,broken clouds
664,Shizunai,JP,42.3339,142.3669,25.21,64,100,4.09,overcast clouds
665,Koumac,NC,-20.5667,164.2833,75.78,83,100,3.91,light rain
666,Igarapava,BR,-20.0383,-47.7469,88.72,56,51,0.92,broken clouds
667,Ocos,GT,14.5094,-92.1933,80.67,62,79,8.08,broken clouds
668,Ust-Ilimsk,RU,58.0006,102.6619,-14.53,98,100,6.82,overcast clouds
669,Gobabis,NA,-22.45,18.9667,78.57,40,97,12.03,overcast clouds
670,Aberdeen,GB,57.1437,-2.0981,36.19,72,33,18.41,scattered clouds
671,Turukhansk,RU,65.8167,87.9833,-37.57,88,4,5.21,clear sky
672,Labrea,BR,-7.2586,-64.7981,86.11,62,100,2.24,overcast clouds
673,Bafra,TR,41.5678,35.9069,57.81,57,50,6.44,scattered clouds
674,Muli,MV,2.9167,73.5667,79.93,79,97,12.21,overcast clouds
675,Tres Arroyos,AR,-38.3739,-60.2798,86.11,32,88,8.77,moderate rain
676,Mayumba,GA,-3.432,10.6554,79.03,85,95,6.91,overcast clouds
677,Sayansk,RU,54.1088,102.1648,12.25,82,100,12.06,overcast clouds
678,Youkounkoun,GN,12.5333,-13.1333,96.04,8,20,6.6,few clouds
679,Wajir,KE,1.7471,40.0573,93.16,14,0,6.91,clear sky
680,Rocha,UY,-34.4833,-54.3333,88.03,28,0,16.04,clear sky
681,Licata,IT,37.1071,13.9461,60.55,82,25,10.98,scattered clouds
682,Beloha,MG,-25.1667,45.05,76.78,80,0,16.2,clear sky
683,Mramor,BA,44.5917,18.5644,53.29,62,75,9.22,broken clouds
684,Saposoa,PE,-6.934,-76.7716,86.81,44,95,4.38,overcast clouds
685,San Lorenzo,PY,-25.3333,-57.5333,95.94,36,20,5.75,few clouds
686,Mapiripan,CO,2.8892,-72.1256,88.54,47,88,5.82,overcast clouds
687,Kulhudhuffushi,MV,6.6221,73.07,79.97,79,21,14.88,few clouds
688,Suba,PH,10.8438,121.0102,79.86,86,100,16.44,overcast clouds
689,Alausi,EC,-2.2,-78.8333,55.78,76,95,3.22,light rain
690,Nouakchott,MR,18.0858,-15.9785,87.73,25,99,11.56,overcast clouds
